{
  "model/models-dbg.js": 1715590989975,
  "manifest.json": 1715703563775,
  "localSource/DataModel.json": 1715591730798,
  "localSource/Annotations.json": 1715591730798,
  "localSource/LocalModel.json": 1715591730818,
  "model/models.js": 1715590989975,
  "controller/pfe_rahma.controller.js": 1715590989983,
  "controller/List.controller.js": 1715592348888,
  "controller/Fields.controller.js": 1715592344712,
  "controller/Association.controller.js": 1715592338564,
  "controller/App.controller.js": 1715592314784,
  "RevealGrid/RevealGrid.js": 1715591745442,
  "Component.js": 1715590989963,
  "Component-preload.js": 1715703564023,
  "controller/Association-dbg.controller.js": 1715592338564,
  "controller/pfe_rahma-dbg.controller.js": 1715590989983,
  "controller/List-dbg.controller.js": 1715592348888,
  "controller/Fields-dbg.controller.js": 1715592344712,
  "i18n/i18n.properties": 1715590989971,
  "controller/App-dbg.controller.js": 1715592314784,
  "RevealGrid/RevealGrid-dbg.js": 1715591745442,
  "Component-dbg.js": 1715590989963,
  "view/pfe_rahma.view.xml": 1715590989979,
  "view/ValueHelpDialog.fragment.xml": 1715591934026,
  "view/ValueHelp.fragment.xml": 1715591929382,
  "view/List.view.xml": 1715592414944,
  "view/Fields.view.xml": 1715592410480,
  "view/Association.view.xml": 1715592404216,
  "view/App.view.xml": 1715592622061,
  "localSource/467_sap.png": 1715591730798,
  "localSource/467_sap.jpg": 1715591730798,
  "css/style.css": 1715590989975,
  "index.html": 1715590989967
}