{
  "Component-dbg.js": 1715592879242,
  "RevealGrid/RevealGrid.js": 1715593095128,
  "localSource/DataModel.json": 1715593057602,
  "localSource/Annotations.json": 1715593057598,
  "manifest.json": 1715703566188,
  "model/models.js": 1715592879250,
  "localSource/associationModel.js": 1715593057606,
  "controller/projectpfe.controller.js": 1715592879262,
  "controller/List.controller.js": 1715593011381,
  "controller/Fields.controller.js": 1715592991322,
  "controller/Association.controller.js": 1715699787485,
  "controller/App.controller.js": 1715592879254,
  "localSource/LocalModel.json": 1715593057602,
  "Component.js": 1715592879242,
  "Component-preload.js": 1715703566544,
  "controller/projectpfe-dbg.controller.js": 1715592879262,
  "localSource/associationModel-dbg.js": 1715593057606,
  "model/models-dbg.js": 1715592879250,
  "controller/List-dbg.controller.js": 1715593011381,
  "controller/Fields-dbg.controller.js": 1715592991322,
  "controller/Association-dbg.controller.js": 1715699787485,
  "controller/App-dbg.controller.js": 1715592879254,
  "RevealGrid/RevealGrid-dbg.js": 1715593095128,
  "i18n/i18n.properties": 1715592879246,
  "view/projectpfe.view.xml": 1715592879258,
  "view/ValueHelpDialog.fragment.xml": 1715593276468,
  "view/ValueHelp.fragment.xml": 1715593264685,
  "view/List.view.xml": 1715593248261,
  "view/Fields.view.xml": 1715593234278,
  "view/Association.view.xml": 1715593200847,
  "view/App.view.xml": 1715593171152,
  "localSource/467_sap.png": 1715593057594,
  "localSource/467_sap.jpg": 1715593057590,
  "css/style.css": 1715592879258,
  "index.html": 1715592879242
}